county,metro,risk_score,weather_lift,active_events,trailing_weight,within_plan_weight,ads_location
Marion,indianapolis,100.0,1.107,52.39,530.46,0.257,"Marion County, Indiana"
Allen,fortwayne,32.99,1.122,40.49,308.28,0.085,"Allen County, Indiana"
Lake,nwindiana,30.39,1.103,37.59,360.99,0.078,"Lake County, Indiana"
St. Joseph,southbend,18.89,1.107,26.31,190.35,0.049,"St. Joseph County, Indiana"
Hendricks,indianapolis,16.3,1.122,11.95,127.18,0.042,"Hendricks County, Indiana"
Vanderburgh,evansville,15.21,1.136,13.4,154.86,0.039,"Vanderburgh County, Indiana"
Hamilton,indianapolis,13.62,1.117,41.86,305.32,0.035,"Hamilton County, Indiana"
Elkhart,southbend,12.12,1.107,35.93,307.82,0.031,"Elkhart County, Indiana"
Johnson,indianapolis,11.96,1.116,14.0,78.41,0.031,"Johnson County, Indiana"
Tippecanoe,lafayette,11.72,1.103,17.17,140.68,0.03,"Tippecanoe County, Indiana"
Porter,nwindiana,11.45,1.104,15.8,152.54,0.029,"Porter County, Indiana"
Delaware,other_in,10.75,1.123,11.21,178.19,0.028,"Delaware County, Indiana"
Madison,indianapolis,9.69,1.113,16.71,147.64,0.025,"Madison County, Indiana"
Vigo,other_in,7.99,1.103,7.9,80.32,0.021,"Vigo County, Indiana"
Boone,indianapolis,7.58,1.139,14.76,161.39,0.02,"Boone County, Indiana"
Laporte,nwindiana,7.16,1.103,10.52,63.4,0.018,"Laporte County, Indiana"
Hancock,indianapolis,6.66,1.124,5.78,94.97,0.017,"Hancock County, Indiana"
Monroe,other_in,6.6,1.103,9.43,110.24,0.017,"Monroe County, Indiana"
Wayne,other_in,6.54,1.103,10.34,60.16,0.017,"Wayne County, Indiana"
Bartholomew,other_in,5.47,1.103,0.85,24.92,0.014,"Bartholomew County, Indiana"
Morgan,indianapolis,5.21,1.103,4.65,47.22,0.013,"Morgan County, Indiana"
Howard,other_in,4.83,1.113,2.48,74.72,0.012,"Howard County, Indiana"
Grant,other_in,4.8,1.128,3.92,69.36,0.012,"Grant County, Indiana"
Jackson,other_in,4.54,1.103,1.34,44.54,0.012,"Jackson County, Indiana"
Kosciusko,southbend,4.48,1.107,7.11,62.88,0.012,"Kosciusko County, Indiana"
Warrick,evansville,4.46,1.103,4.84,62.03,0.011,"Warrick County, Indiana"
Harrison,other_in,4.41,1.103,5.04,43.9,0.011,"Harrison County, Indiana"
Shelby,indianapolis,4.23,1.109,4.5,53.39,0.011,"Shelby County, Indiana"
Marshall,southbend,4.23,1.107,2.5,17.64,0.011,"Marshall County, Indiana"
Dekalb,fortwayne,4.21,1.114,1.33,25.52,0.011,"Dekalb County, Indiana"
