rank,county,opportunity_score,weighted_score,injured_patients,serious_cases,dynamic,metro,horizon_weather,wx_conditions,wx_peak,weather_lift,active_events,trailing_weight,incident_boost,learned_adj,risk_score
1,Marion,21945.0,21945.0,11458.7,1289.3,True,indianapolis,52.95065693430656,clear/dry,Wed 07:00,1.103,75.54,544.21,1.75,0.75,100.0
2,Allen,5182.0,5182.0,3035.3,121.0,True,fortwayne,52.95065693430656,clear/dry,Wed 07:00,1.103,45.65,270.49,1.75,1.054,33.18
3,Lake,3859.3,3859.3,2152.0,224.7,True,nwindiana,52.95065693430656,clear/dry,Wed 07:00,1.103,43.05,380.6,1.75,1.3,30.48
6,St. Joseph,2391.0,2391.0,1280.7,75.3,True,southbend,53.11988321167882,clear/dry,Wed 07:00,1.107,29.58,163.83,1.75,1.3,18.95
9,Hendricks,2072.3,2072.3,1223.3,107.3,True,indianapolis,52.95065693430656,clear/dry,Wed 07:00,1.103,14.65,107.94,1.75,1.3,16.37
5,Vanderburgh,2409.7,2409.7,1337.7,76.0,True,evansville,52.95065693430656,clear/dry,Wed 07:00,1.103,18.87,144.51,1.75,1.026,15.02
4,Hamilton,2960.3,2960.3,1772.0,134.3,True,indianapolis,53.21553284671531,clear/dry,Wed 07:00,1.109,45.27,283.18,1.75,0.75,13.56
7,Elkhart,2366.7,2366.7,1319.0,74.0,True,southbend,52.95065693430656,clear/dry,Wed 07:00,1.103,35.05,309.53,1.75,0.843,12.12
12,Johnson,1611.0,1611.0,894.3,50.7,True,indianapolis,52.95065693430656,clear/dry,Wed 07:00,1.103,15.49,63.03,1.75,1.228,12.02
10,Tippecanoe,1842.0,1842.0,993.7,102.3,True,lafayette,52.95065693430656,clear/dry,Wed 07:00,1.103,19.31,142.04,1.75,1.07,11.98
13,Porter,1461.3,1461.3,881.3,55.3,True,nwindiana,52.99664233576641,clear/dry,Wed 07:00,1.104,18.93,135.8,1.75,1.3,11.55
8,Delaware,2118.7,2118.7,1159.3,115.3,True,other_in,54.503124087591225,clear/dry,Wed 17:00,1.135,13.29,181.11,1.75,0.824,10.92
11,Madison,1773.7,1773.7,1014.3,57.7,True,indianapolis,53.77471532846714,clear/dry,Wed 07:00,1.12,18.81,161.5,1.75,0.905,9.9
15,Vigo,1255.7,1255.7,644.3,50.3,True,other_in,52.95065693430656,clear/dry,Wed 07:00,1.103,8.76,113.81,1.75,1.055,8.05
19,Boone,981.3,981.3,603.3,29.7,True,indianapolis,53.43626277372261,clear/dry,Wed 07:00,1.113,15.32,147.1,1.75,1.233,7.42
21,Laporte,909.3,909.3,488.0,61.0,True,nwindiana,52.95065693430656,clear/dry,Wed 07:00,1.103,12.18,64.8,1.75,1.3,7.18
22,Monroe,837.7,837.7,407.7,69.7,True,other_in,52.95065693430656,clear/dry,Wed 07:00,1.103,9.77,97.81,1.75,1.3,6.62
23,Wayne,832.0,832.0,457.7,32.0,True,other_in,53.21553284671532,clear/dry,Wed 07:00,1.109,11.11,53.31,1.75,1.297,6.59
14,Hancock,1439.0,1439.0,850.3,71.7,True,indianapolis,53.21553284671531,clear/dry,Wed 07:00,1.109,6.42,92.02,1.75,0.75,6.59
16,Bartholomew,1137.0,1137.0,673.3,52.0,True,other_in,53.42154744525546,1h fog,Wed 07:00,1.113,2.29,29.24,1.75,0.786,5.48
20,Morgan,977.3,977.3,543.7,60.7,True,indianapolis,52.95065693430656,clear/dry,Wed 07:00,1.103,5.89,38.8,1.75,0.871,5.17
17,Howard,1053.7,1053.7,624.3,40.3,True,other_in,53.509839416058384,clear/dry,Wed 07:00,1.115,2.69,87.84,1.75,0.75,4.85
30,Grant,596.7,596.7,316.0,37.3,True,other_in,53.8188613138686,clear/dry,Wed 17:00,1.121,2.3,65.44,1.75,1.3,4.79
32,Jackson,576.7,576.7,320.0,36.7,True,other_in,52.95065693430656,clear/dry,Wed 07:00,1.103,2.36,34.72,1.75,1.3,4.56
18,Kosciusko,984.0,984.0,583.0,40.0,True,southbend,53.11988321167882,clear/dry,Wed 07:00,1.107,7.27,57.43,1.75,0.75,4.5
33,Warrick,567.0,567.0,342.0,4.3,True,evansville,52.95065693430656,clear/dry,Wed 07:00,1.103,6.04,52.74,1.75,1.3,4.48
24,Harrison,705.0,705.0,460.0,11.7,True,other_in,52.95065693430656,clear/dry,Wed 07:00,1.103,5.73,52.8,1.75,1.021,4.37
37,Marshall,535.3,535.3,306.0,18.7,True,southbend,53.11988321167882,clear/dry,Wed 07:00,1.107,2.67,14.89,1.75,1.3,4.24
31,Shelby,594.0,594.0,381.7,20.0,True,indianapolis,52.95065693430656,clear/dry,Wed 07:00,1.103,6.18,45.4,1.75,1.16,4.19
29,Dekalb,614.0,614.0,386.3,4.3,True,fortwayne,53.38475912408758,clear/dry,Wed 07:00,1.112,1.98,19.69,1.75,1.109,4.17
38,Dubois,528.0,528.0,341.7,11.3,True,other_in,52.95065693430656,clear/dry,Wed 07:00,1.103,3.34,36.94,1.75,1.3,4.17
39,Dearborn,520.3,520.3,280.3,29.3,True,other_in,52.95065693430656,clear/dry,Wed 07:00,1.103,3.81,68.74,1.75,1.3,4.11
27,Noble,629.0,629.0,397.3,3.0,True,fortwayne,53.11988321167882,clear/dry,Wed 07:00,1.107,7.01,92.9,1.75,1.064,4.08
41,Huntington,512.7,512.7,318.7,4.7,True,fortwayne,52.95065693430656,clear/dry,Wed 07:00,1.103,5.94,32.35,1.75,1.245,3.88
26,Cass,637.3,637.3,375.3,32.3,True,other_in,52.95065693430656,clear/dry,Wed 07:00,1.103,4.94,53.89,1.75,0.988,3.83
43,Jasper,484.7,484.7,272.7,32.0,True,nwindiana,52.95065693430656,clear/dry,Wed 07:00,1.103,6.16,24.4,1.75,1.3,3.83
44,Floyd,464.3,464.3,273.0,15.0,True,other_in,52.95065693430656,clear/dry,Wed 07:00,1.103,10.06,164.47,1.75,1.3,3.67
28,Gibson,625.7,625.7,437.7,4.0,True,evansville,52.95065693430656,clear/dry,Wed 07:00,1.103,6.52,100.77,1.75,0.914,3.47
47,Clark,439.0,439.0,248.7,9.3,True,other_in,52.95065693430656,clear/dry,Wed 07:00,1.103,13.58,141.51,1.75,1.3,3.47
36,Clinton,550.7,550.7,311.0,35.3,True,lafayette,53.43626277372261,clear/dry,Wed 07:00,1.113,1.86,10.76,1.7237999999999998,1.016,3.38
35,Putnam,558.7,558.7,361.3,19.7,True,other_in,52.95065693430656,clear/dry,Wed 07:00,1.103,5.47,16.36,1.75,0.98,3.33
34,Lagrange,565.7,565.7,349.0,15.0,True,southbend,52.95065693430656,clear/dry,Wed 07:00,1.103,6.95,53.37,1.75,0.967,3.32
25,Henry,658.7,658.7,376.3,38.7,True,other_in,53.21553284671532,clear/dry,Wed 07:00,1.109,3.86,37.23,1.75,0.819,3.29
49,Knox,413.0,413.0,207.7,27.7,True,other_in,52.95065693430656,clear/dry,Wed 07:00,1.103,3.08,24.16,1.75,1.3,3.26
50,Lawrence,410.0,410.0,203.0,36.0,True,other_in,52.95065693430656,clear/dry,Wed 07:00,1.103,3.14,53.17,1.75,1.3,3.24
53,Miami,371.3,371.3,210.0,32.0,True,other_in,52.95065693430656,clear/dry,Wed 07:00,1.103,4.91,28.55,1.75,1.3,2.93
42,Scott,488.7,488.7,258.0,39.7,True,other_in,52.95065693430656,clear/dry,Wed 07:00,1.103,2.11,24.78,1.75,0.975,2.9
46,White,448.3,448.3,235.7,29.7,True,lafayette,52.95065693430656,clear/dry,Wed 07:00,1.103,10.29,40.85,1.75,1.02,2.78
51,Greene,403.0,403.0,217.3,20.3,True,other_in,52.95065693430656,clear/dry,Wed 07:00,1.103,0.84,17.76,1.75,1.105,2.71
54,Montgomery,338.7,338.7,183.7,19.0,True,other_in,52.95065693430656,clear/dry,Wed 07:00,1.103,13.7,67.38,1.75,1.274,2.62
52,Wabash,377.7,377.7,222.7,17.7,True,other_in,53.24496350364962,clear/dry,Wed 07:00,1.109,4.95,32.43,1.75,1.136,2.62
55,Steuben,315.3,315.3,177.0,21.0,True,other_in,53.38475912408758,clear/dry,Wed 07:00,1.112,0.94,21.86,1.75,1.3,2.51
40,Whitley,518.7,518.7,349.0,1.0,True,fortwayne,52.95065693430656,clear/dry,Wed 07:00,1.103,2.89,6.8,1.62909,0.778,2.28
57,Washington,304.0,304.0,161.0,31.7,True,other_in,52.95065693430656,clear/dry,Wed 07:00,1.103,1.3,30.35,1.75,1.14,2.11
45,Daviess,460.7,460.7,305.3,1.7,True,other_in,52.95065693430656,clear/dry,Wed 07:00,1.103,0.25,9.53,1.5018850000000001,0.876,2.1
61,Jefferson,265.7,265.7,142.3,24.0,True,other_in,52.95065693430656,clear/dry,Wed 07:00,1.103,4.21,24.6,1.75,1.3,2.1
48,Ripley,419.3,419.3,261.7,17.7,True,other_in,52.95065693430656,clear/dry,Wed 07:00,1.103,1.68,10.17,1.67631,0.851,2.08
63,Spencer,251.0,251.0,153.3,9.7,True,other_in,52.95065693430656,clear/dry,Wed 07:00,1.103,8.82,387.35,1.75,1.3,1.98
60,Adams,271.7,271.7,147.0,17.3,True,other_in,53.30382481751823,clear/dry,Wed 07:00,1.11,2.85,7.89,1.67973,1.227,1.96
62,Franklin,261.0,261.0,145.0,22.0,True,other_in,52.95065693430656,clear/dry,Wed 07:00,1.103,4.28,77.61,1.75,1.179,1.87
64,Fulton,250.3,250.3,147.0,10.7,True,other_in,53.679065693430644,clear/dry,Wed 07:00,1.118,4.69,37.53,1.75,1.207,1.86
67,Posey,222.3,222.3,128.0,9.0,True,evansville,52.95065693430656,clear/dry,Wed 07:00,1.103,4.17,23.92,1.75,1.3,1.76
58,Randolph,283.0,283.0,152.7,18.3,True,other_in,54.89308029197079,clear/dry,Wed 07:00,1.144,7.54,13.9,1.75,0.919,1.64
65,Owen,246.0,246.0,143.7,20.0,True,other_in,52.95065693430656,clear/dry,Wed 07:00,1.103,0.31,20.86,1.75,1.014,1.52
73,Clay,187.7,187.7,102.7,15.7,True,other_in,52.95065693430656,clear/dry,Wed 07:00,1.103,0.54,49.96,1.75,1.3,1.48
68,Jay,214.3,214.3,129.0,6.7,True,other_in,53.75264233576641,clear/dry,Wed 17:00,1.12,1.66,6.65,1.498995,1.3,1.47
66,Jennings,223.0,223.0,126.0,18.3,True,other_in,52.95065693430656,clear/dry,Wed 07:00,1.103,1.14,6.76,1.45228,1.3,1.46
56,Fountain,313.0,313.0,175.0,21.3,True,other_in,52.95065693430656,clear/dry,Wed 07:00,1.103,0.2,8.41,1.44099,0.891,1.4
74,Tipton,184.3,184.3,103.7,6.7,True,other_in,54.08373722627736,clear/dry,Wed 17:00,1.127,1.2,33.46,1.75,1.204,1.38
76,Fayette,171.7,171.7,83.3,11.0,True,other_in,53.171386861313856,clear/dry,Wed 07:00,1.108,2.62,22.5,1.75,1.3,1.36
77,Carroll,171.3,171.3,105.3,11.3,True,lafayette,52.95065693430656,clear/dry,Wed 07:00,1.103,5.13,17.25,1.75,1.3,1.35
69,Parke,208.0,208.0,120.0,11.0,True,other_in,52.95065693430656,clear/dry,Wed 07:00,1.103,2.34,18.95,1.75,1.068,1.35
70,Sullivan,204.7,204.7,107.0,9.3,True,other_in,52.95065693430656,clear/dry,Wed 07:00,1.103,3.38,40.96,1.75,1.067,1.33
71,Vermillion,200.3,200.3,107.7,13.7,True,other_in,52.95065693430656,clear/dry,Wed 07:00,1.103,0.69,15.35,1.75,1.028,1.25
59,Wells,277.0,277.0,175.3,9.3,True,fortwayne,53.11988321167882,clear/dry,Wed 07:00,1.107,0.35,2.68,1.1689349999999998,1.1,1.24
75,Rush,183.3,183.3,92.7,20.3,True,other_in,53.171386861313856,clear/dry,Wed 07:00,1.108,2.29,7.85,1.6212400000000002,1.113,1.15
79,Orange,145.0,145.0,72.3,13.7,True,other_in,52.95065693430656,clear/dry,Wed 07:00,1.103,2.36,40.29,1.75,1.3,1.15
80,Starke,124.7,124.7,70.0,8.3,True,other_in,52.95065693430656,clear/dry,Wed 07:00,1.103,2.94,13.39,1.75,1.3,0.98
82,Decatur,121.7,121.7,69.0,9.0,True,other_in,52.95065693430656,clear/dry,Wed 07:00,1.103,8.21,50.13,1.75,1.3,0.96
72,Pulaski,188.3,188.3,98.3,18.0,True,other_in,52.95065693430656,clear/dry,Wed 07:00,1.103,0.33,0.95,1.080625,1.256,0.89
78,Martin,147.3,147.3,83.0,7.7,True,other_in,52.95065693430656,clear/dry,Wed 07:00,1.103,1.64,8.27,1.57732,0.975,0.79
81,Brown,123.3,123.3,63.3,11.3,True,other_in,52.95065693430656,clear/dry,Wed 07:00,1.103,0.29,2.03,1.130215,1.3,0.63
84,Pike,101.0,101.0,67.0,0.7,True,other_in,52.95065693430656,clear/dry,Wed 07:00,1.103,3.88,9.32,1.75,1.023,0.63
89,Perry,78.3,78.3,42.7,4.7,True,other_in,52.95065693430656,clear/dry,Wed 07:00,1.103,1.45,12.07,1.7485600000000003,1.3,0.62
85,Benton,99.3,99.3,55.3,4.7,True,other_in,52.95065693430656,clear/dry,Wed 07:00,1.103,0.07,14.88,1.75,0.975,0.59
88,Switzerland,88.0,88.0,44.0,8.3,True,other_in,52.95065693430656,clear/dry,Wed 07:00,1.103,1.34,3.92,1.33047,1.3,0.53
86,Crawford,89.7,89.7,43.7,5.0,True,other_in,52.95065693430656,clear/dry,Wed 07:00,1.103,1.73,2.92,1.319085,1.3,0.53
83,Newton,101.7,101.7,57.7,4.0,True,nwindiana,52.95065693430656,clear/dry,Wed 07:00,1.103,0.7,0.78,1.10919,1.3,0.51
87,Warren,88.3,88.3,47.7,9.3,True,other_in,52.95065693430656,clear/dry,Wed 07:00,1.103,0.14,0.46,1.03668,1.3,0.41
90,Union,59.3,59.3,32.7,3.3,True,other_in,54.14750364963503,1h fog,Wed 07:00,1.128,1.2,9.12,1.5762500000000002,1.049,0.35
92,Blackford,39.3,39.3,18.7,4.3,True,other_in,54.42954744525546,clear/dry,Wed 07:00,1.134,2.9,6.77,1.629035,1.3,0.3
91,Ohio,45.7,45.7,23.3,4.3,True,other_in,52.95065693430656,clear/dry,Wed 07:00,1.103,0.06,0.85,1.04869,1.3,0.22
