metro,time,hour_risk,bid_adj_pct
evansville,2026-10-01 06:00:00,6096.5718,33.0
evansville,2026-10-01 07:00:00,8911.551,60.0
evansville,2026-10-01 15:00:00,6754.4202000000005,47.0
evansville,2026-10-01 16:00:00,7504.0614,60.0
evansville,2026-10-01 17:00:00,7878.8820000000005,60.0
evansville,2026-10-02 06:00:00,9418.5936,60.0
evansville,2026-10-02 07:00:00,9170.5305,60.0
evansville,2026-10-02 08:00:00,7941.180699999999,60.0
evansville,2026-10-02 14:00:00,6514.3183,42.0
evansville,2026-10-02 15:00:00,6754.4202000000005,47.0
evansville,2026-10-02 16:00:00,7504.0614,60.0
evansville,2026-10-02 17:00:00,7878.8820000000005,60.0
fortwayne,2026-10-01 06:00:00,12327.0396,38.0
fortwayne,2026-10-01 07:00:00,18018.822,60.0
fortwayne,2026-10-01 14:00:00,12658.684799999999,42.0
fortwayne,2026-10-01 15:00:00,13657.1844,53.0
fortwayne,2026-10-01 16:00:00,15172.930799999998,60.0
fortwayne,2026-10-01 17:00:00,15930.804,60.0
fortwayne,2026-10-02 06:00:00,15412.666200000001,60.0
fortwayne,2026-10-02 07:00:00,18320.7054,60.0
fortwayne,2026-10-02 08:00:00,12598.815400000001,41.0
fortwayne,2026-10-02 15:00:00,13657.1844,53.0
fortwayne,2026-10-02 16:00:00,15172.930799999998,60.0
fortwayne,2026-10-02 17:00:00,15930.804,60.0
indianapolis,2026-10-01 06:00:00,54760.1166,37.0
indianapolis,2026-10-01 07:00:00,80044.587,60.0
indianapolis,2026-10-01 08:00:00,53935.623,35.0
indianapolis,2026-10-01 15:00:00,60668.987400000005,52.0
indianapolis,2026-10-01 16:00:00,68300.1102,60.0
indianapolis,2026-10-01 17:00:00,70769.034,60.0
indianapolis,2026-10-01 18:00:00,53935.623,35.0
indianapolis,2026-10-02 06:00:00,67503.219,60.0
indianapolis,2026-10-02 07:00:00,97615.3416,60.0
indianapolis,2026-10-02 08:00:00,67914.97379999999,60.0
indianapolis,2026-10-02 15:00:00,60668.987400000005,52.0
indianapolis,2026-10-02 16:00:00,67402.3518,60.0
indianapolis,2026-10-02 17:00:00,70769.034,60.0
indianapolis,2026-10-02 18:00:00,53935.623,35.0
lafayette,2026-10-01 06:00:00,4801.6062,28.0
lafayette,2026-10-01 07:00:00,7018.659000000001,60.0
lafayette,2026-10-01 08:00:00,4729.311000000001,26.0
lafayette,2026-10-01 15:00:00,5926.6513,58.0
lafayette,2026-10-01 16:00:00,6613.5864,60.0
lafayette,2026-10-01 17:00:00,6375.5043000000005,60.0
lafayette,2026-10-01 18:00:00,4729.311000000001,26.0
lafayette,2026-10-02 06:00:00,5021.3355,34.0
lafayette,2026-10-02 07:00:00,7018.659000000001,60.0
lafayette,2026-10-02 08:00:00,4945.1854,32.0
lafayette,2026-10-02 15:00:00,5319.7218,42.0
lafayette,2026-10-02 16:00:00,5910.1326,58.0
lafayette,2026-10-02 17:00:00,6205.338000000001,60.0
lafayette,2026-10-02 18:00:00,4729.311000000001,26.0
nwindiana,2026-10-01 06:00:00,12405.0429,47.0
nwindiana,2026-10-01 07:00:00,15881.979,60.0
nwindiana,2026-10-01 15:00:00,12278.550299999999,46.0
nwindiana,2026-10-01 16:00:00,15410.9987,60.0
nwindiana,2026-10-01 17:00:00,18016.657,60.0
nwindiana,2026-10-01 18:00:00,13716.5414,60.0
nwindiana,2026-10-01 21:00:00,11197.5711,33.0
nwindiana,2026-10-02 06:00:00,12547.5236,49.0
nwindiana,2026-10-02 07:00:00,18056.214099999997,60.0
nwindiana,2026-10-02 15:00:00,12037.585799999999,43.0
nwindiana,2026-10-02 16:00:00,13373.5806,59.0
nwindiana,2026-10-02 17:00:00,14041.578,60.0
other_in,2026-10-01 06:00:00,36188.797,31.0
other_in,2026-10-01 07:00:00,52843.002,60.0
other_in,2026-10-01 08:00:00,35606.658,29.0
other_in,2026-10-01 15:00:00,40499.219900000004,46.0
other_in,2026-10-01 16:00:00,44647.893,60.0
other_in,2026-10-01 17:00:00,46719.564,60.0
other_in,2026-10-01 18:00:00,35606.658,29.0
other_in,2026-10-02 06:00:00,42902.103500000005,55.0
other_in,2026-10-02 07:00:00,61359.9731,60.0
other_in,2026-10-02 08:00:00,43559.025200000004,57.0
other_in,2026-10-02 15:00:00,40162.5114,45.0
other_in,2026-10-02 16:00:00,44496.9828,60.0
other_in,2026-10-02 17:00:00,46719.564,60.0
other_in,2026-10-02 18:00:00,35606.658,29.0
southbend,2026-10-01 06:00:00,10907.2638,31.0
southbend,2026-10-01 07:00:00,15943.491,60.0
southbend,2026-10-01 14:00:00,11243.6024,35.0
southbend,2026-10-01 15:00:00,12861.2942,55.0
southbend,2026-10-01 16:00:00,13425.3774,60.0
southbend,2026-10-01 17:00:00,14400.018,60.0
southbend,2026-10-02 06:00:00,11861.2728,43.0
southbend,2026-10-02 07:00:00,19714.872199999998,60.0
southbend,2026-10-02 08:00:00,11425.009,38.0
southbend,2026-10-02 15:00:00,12084.208200000001,45.0
southbend,2026-10-02 16:00:00,13425.3774,60.0
southbend,2026-10-02 17:00:00,14095.962,60.0
